<?xml version="1.0" encoding="UTF-8" ?>
<!DOCTYPE mapper PUBLIC "-//mybatis.org//DTD Mapper 3.0//EN" "http://mybatis.org/dtd/mybatis-3-mapper.dtd" >
<mapper namespace="cy.its.sysCfg.mybatis.client.CrossMapper" >
  <resultMap id="BaseResultMap" type="cy.its.sysCfg.mybatis.model.Cross" >
    <id column="CROSS_ID" property="crossId" jdbcType="VARCHAR" />
    <result column="CROSS_CODE" property="crossCode" jdbcType="VARCHAR" />
    <result column="DISTRICT_CODE" property="districtCode" jdbcType="VARCHAR" />
    <result column="ORG_ID" property="orgId" jdbcType="VARCHAR" />
    <result column="CROSS_NAME" property="crossName" jdbcType="VARCHAR" />
    <result column="CROSS_TYPE" property="crossType" jdbcType="VARCHAR" />
    <result column="CROSS_ROAD_ID" property="crossRoadId" jdbcType="VARCHAR" />
    <result column="CROSS_LONGITUDE" property="crossLongitude" jdbcType="DECIMAL" />
    <result column="CROSS_LATITUDE" property="crossLatitude" jdbcType="DECIMAL" />
    <result column="UPDATE_TIME" property="updateTime" jdbcType="TIMESTAMP" />
  </resultMap>
  <sql id="Base_Column_List" >
    CROSS_ID, CROSS_CODE, DISTRICT_CODE, ORG_ID, CROSS_NAME, CROSS_TYPE, CROSS_ROAD_ID, 
    CROSS_LONGITUDE, CROSS_LATITUDE, UPDATE_TIME
  </sql>
  <select id="selectByPrimaryKey" resultMap="BaseResultMap" parameterType="java.lang.String" >
    select 
    <include refid="Base_Column_List" />
    from T_SYS_CROSS
    where CROSS_ID = #{crossId,jdbcType=VARCHAR}
  </select>
  <delete id="deleteByPrimaryKey" parameterType="java.lang.String" >
    delete from T_SYS_CROSS
    where CROSS_ID = #{crossId,jdbcType=VARCHAR}
  </delete>
  <insert id="insert" parameterType="cy.its.sysCfg.mybatis.model.Cross" >
    insert into T_SYS_CROSS (CROSS_ID, CROSS_CODE, DISTRICT_CODE, 
      ORG_ID, CROSS_NAME, CROSS_TYPE, 
      CROSS_ROAD_ID, CROSS_LONGITUDE, CROSS_LATITUDE, 
      UPDATE_TIME)
    values (#{crossId,jdbcType=VARCHAR}, #{crossCode,jdbcType=VARCHAR}, #{districtCode,jdbcType=VARCHAR}, 
      #{orgId,jdbcType=VARCHAR}, #{crossName,jdbcType=VARCHAR}, #{crossType,jdbcType=VARCHAR}, 
      #{crossRoadId,jdbcType=VARCHAR}, #{crossLongitude,jdbcType=DECIMAL}, #{crossLatitude,jdbcType=DECIMAL}, 
      #{updateTime,jdbcType=TIMESTAMP})
  </insert>
  <insert id="insertSelective" parameterType="cy.its.sysCfg.mybatis.model.Cross" >
    insert into T_SYS_CROSS
    <trim prefix="(" suffix=")" suffixOverrides="," >
      <if test="crossId != null" >
        CROSS_ID,
      </if>
      <if test="crossCode != null" >
        CROSS_CODE,
      </if>
      <if test="districtCode != null" >
        DISTRICT_CODE,
      </if>
      <if test="orgId != null" >
        ORG_ID,
      </if>
      <if test="crossName != null" >
        CROSS_NAME,
      </if>
      <if test="crossType != null" >
        CROSS_TYPE,
      </if>
      <if test="crossRoadId != null" >
        CROSS_ROAD_ID,
      </if>
      <if test="crossLongitude != null" >
        CROSS_LONGITUDE,
      </if>
      <if test="crossLatitude != null" >
        CROSS_LATITUDE,
      </if>
      <if test="updateTime != null" >
        UPDATE_TIME,
      </if>
    </trim>
    <trim prefix="values (" suffix=")" suffixOverrides="," >
      <if test="crossId != null" >
        #{crossId,jdbcType=VARCHAR},
      </if>
      <if test="crossCode != null" >
        #{crossCode,jdbcType=VARCHAR},
      </if>
      <if test="districtCode != null" >
        #{districtCode,jdbcType=VARCHAR},
      </if>
      <if test="orgId != null" >
        #{orgId,jdbcType=VARCHAR},
      </if>
      <if test="crossName != null" >
        #{crossName,jdbcType=VARCHAR},
      </if>
      <if test="crossType != null" >
        #{crossType,jdbcType=VARCHAR},
      </if>
      <if test="crossRoadId != null" >
        #{crossRoadId,jdbcType=VARCHAR},
      </if>
      <if test="crossLongitude != null" >
        #{crossLongitude,jdbcType=DECIMAL},
      </if>
      <if test="crossLatitude != null" >
        #{crossLatitude,jdbcType=DECIMAL},
      </if>
      <if test="updateTime != null" >
        #{updateTime,jdbcType=TIMESTAMP},
      </if>
    </trim>
  </insert>
  <update id="updateByPrimaryKeySelective" parameterType="cy.its.sysCfg.mybatis.model.Cross" >
    update T_SYS_CROSS
    <set >
      <if test="crossCode != null" >
        CROSS_CODE = #{crossCode,jdbcType=VARCHAR},
      </if>
      <if test="districtCode != null" >
        DISTRICT_CODE = #{districtCode,jdbcType=VARCHAR},
      </if>
      <if test="orgId != null" >
        ORG_ID = #{orgId,jdbcType=VARCHAR},
      </if>
      <if test="crossName != null" >
        CROSS_NAME = #{crossName,jdbcType=VARCHAR},
      </if>
      <if test="crossType != null" >
        CROSS_TYPE = #{crossType,jdbcType=VARCHAR},
      </if>
      <if test="crossRoadId != null" >
        CROSS_ROAD_ID = #{crossRoadId,jdbcType=VARCHAR},
      </if>
      <if test="crossLongitude != null" >
        CROSS_LONGITUDE = #{crossLongitude,jdbcType=DECIMAL},
      </if>
      <if test="crossLatitude != null" >
        CROSS_LATITUDE = #{crossLatitude,jdbcType=DECIMAL},
      </if>
      <if test="updateTime != null" >
        UPDATE_TIME = #{updateTime,jdbcType=TIMESTAMP},
      </if>
    </set>
    where CROSS_ID = #{crossId,jdbcType=VARCHAR}
  </update>
  <update id="updateByPrimaryKey" parameterType="cy.its.sysCfg.mybatis.model.Cross" >
    update T_SYS_CROSS
    set CROSS_CODE = #{crossCode,jdbcType=VARCHAR},
      DISTRICT_CODE = #{districtCode,jdbcType=VARCHAR},
      ORG_ID = #{orgId,jdbcType=VARCHAR},
      CROSS_NAME = #{crossName,jdbcType=VARCHAR},
      CROSS_TYPE = #{crossType,jdbcType=VARCHAR},
      CROSS_ROAD_ID = #{crossRoadId,jdbcType=VARCHAR},
      CROSS_LONGITUDE = #{crossLongitude,jdbcType=DECIMAL},
      CROSS_LATITUDE = #{crossLatitude,jdbcType=DECIMAL},
      UPDATE_TIME = #{updateTime,jdbcType=TIMESTAMP}
    where CROSS_ID = #{crossId,jdbcType=VARCHAR}
  </update>
</mapper>