<?xml version="1.0" encoding="UTF-8" ?>
<!DOCTYPE mapper PUBLIC "-//mybatis.org//DTD Mapper 3.0//EN" "http://mybatis.org/dtd/mybatis-3-mapper.dtd" >
<mapper namespace="cy.its.sysCfg.mybatis.client.RegionMapper" >
  <resultMap id="BaseResultMap" type="cy.its.sysCfg.mybatis.model.Region" >
    <id column="REGIONAL_ID" property="regionalId" jdbcType="VARCHAR" />
    <result column="REGIONAL_CODE" property="regionalCode" jdbcType="VARCHAR" />
    <result column="REGIONAL_NAME" property="regionalName" jdbcType="VARCHAR" />
    <result column="DISTRICT_CODE" property="districtCode" jdbcType="VARCHAR" />
    <result column="ORG_ID" property="orgId" jdbcType="VARCHAR" />
    <result column="ROAD_ID" property="roadId" jdbcType="VARCHAR" />
    <result column="ENTRY_SITE_ID" property="entrySiteId" jdbcType="VARCHAR" />
    <result column="EXIT_SITE_ID" property="exitSiteId" jdbcType="VARCHAR" />
    <result column="DISTANCE" property="distance" jdbcType="DECIMAL" />
    <result column="TRAVEL_TIME_RANGE" property="travelTimeRange" jdbcType="VARCHAR" />
    <result column="DIRECTION_TYPE" property="directionType" jdbcType="CHAR" />
    <result column="DIRECTION_NAME" property="directionName" jdbcType="VARCHAR" />
    <result column="LANE_NUM" property="laneNum" jdbcType="VARCHAR" />
    <result column="HAS_SUPPORT_SPEED" property="hasSupportSpeed" jdbcType="CHAR" />
    <result column="HAS_SUPPORT_VEHICLE_FLOW" property="hasSupportVehicleFlow" jdbcType="CHAR" />
    <result column="HISTORY_MAX_VEHICLE_NUM" property="historyMaxVehicleNum" jdbcType="VARCHAR" />
    <result column="HISTORY_MAX_FLOW_TIME" property="historyMaxFlowTime" jdbcType="TIMESTAMP" />
    <result column="REGIONAL_DESIGN_CAPACITY" property="regionalDesignCapacity" jdbcType="VARCHAR" />
    <result column="LIMIT_LARGE" property="limitLarge" jdbcType="DECIMAL" />
    <result column="LIMIT_SMALL" property="limitSmall" jdbcType="DECIMAL" />
    <result column="LIMIT_OTHERS" property="limitOthers" jdbcType="DECIMAL" />
    <result column="LIMIT_LOWER" property="limitLower" jdbcType="DECIMAL" />
    <result column="LIMIT_LARGE_MARGIN" property="limitLargeMargin" jdbcType="DECIMAL" />
    <result column="LIMIT_SMALL_MARGIN" property="limitSmallMargin" jdbcType="DECIMAL" />
    <result column="RELATED_VARIABLE_SPEED" property="relatedVariableSpeed" jdbcType="VARCHAR" />
    <result column="ENABLE_FLAG" property="enableFlag" jdbcType="CHAR" />
    <result column="CREATE_BY" property="createBy" jdbcType="VARCHAR" />
    <result column="CREATE_TIME" property="createTime" jdbcType="TIMESTAMP" />
    <result column="UPDATE_BY" property="updateBy" jdbcType="VARCHAR" />
    <result column="REMARK" property="remark" jdbcType="VARCHAR" />
  </resultMap>
  <sql id="Base_Column_List" >
    REGIONAL_ID, REGIONAL_CODE, REGIONAL_NAME, DISTRICT_CODE, ORG_ID, ROAD_ID, ENTRY_SITE_ID, 
    EXIT_SITE_ID, DISTANCE, TRAVEL_TIME_RANGE, DIRECTION_TYPE, DIRECTION_NAME, LANE_NUM, 
    HAS_SUPPORT_SPEED, HAS_SUPPORT_VEHICLE_FLOW, HISTORY_MAX_VEHICLE_NUM, HISTORY_MAX_FLOW_TIME, 
    REGIONAL_DESIGN_CAPACITY, LIMIT_LARGE, LIMIT_SMALL, LIMIT_OTHERS, LIMIT_LOWER, LIMIT_LARGE_MARGIN, 
    LIMIT_SMALL_MARGIN, RELATED_VARIABLE_SPEED, ENABLE_FLAG, CREATE_BY, CREATE_TIME, 
    UPDATE_BY, REMARK
  </sql>
  <select id="selectByPrimaryKey" resultMap="BaseResultMap" parameterType="java.lang.String" >
    select 
    <include refid="Base_Column_List" />
    from T_SYS_REGION
    where REGIONAL_ID = #{regionalId,jdbcType=VARCHAR}
  </select>
  <delete id="deleteByPrimaryKey" parameterType="java.lang.String" >
    delete from T_SYS_REGION
    where REGIONAL_ID = #{regionalId,jdbcType=VARCHAR}
  </delete>
  <insert id="insert" parameterType="cy.its.sysCfg.mybatis.model.Region" >
    insert into T_SYS_REGION (REGIONAL_ID, REGIONAL_CODE, REGIONAL_NAME, 
      DISTRICT_CODE, ORG_ID, ROAD_ID, 
      ENTRY_SITE_ID, EXIT_SITE_ID, DISTANCE, 
      TRAVEL_TIME_RANGE, DIRECTION_TYPE, DIRECTION_NAME, 
      LANE_NUM, HAS_SUPPORT_SPEED, HAS_SUPPORT_VEHICLE_FLOW, 
      HISTORY_MAX_VEHICLE_NUM, HISTORY_MAX_FLOW_TIME, 
      REGIONAL_DESIGN_CAPACITY, LIMIT_LARGE, LIMIT_SMALL, 
      LIMIT_OTHERS, LIMIT_LOWER, LIMIT_LARGE_MARGIN, 
      LIMIT_SMALL_MARGIN, RELATED_VARIABLE_SPEED, 
      ENABLE_FLAG, CREATE_BY, CREATE_TIME, 
      UPDATE_BY, REMARK)
    values (#{regionalId,jdbcType=VARCHAR}, #{regionalCode,jdbcType=VARCHAR}, #{regionalName,jdbcType=VARCHAR}, 
      #{districtCode,jdbcType=VARCHAR}, #{orgId,jdbcType=VARCHAR}, #{roadId,jdbcType=VARCHAR}, 
      #{entrySiteId,jdbcType=VARCHAR}, #{exitSiteId,jdbcType=VARCHAR}, #{distance,jdbcType=DECIMAL}, 
      #{travelTimeRange,jdbcType=VARCHAR}, #{directionType,jdbcType=CHAR}, #{directionName,jdbcType=VARCHAR}, 
      #{laneNum,jdbcType=VARCHAR}, #{hasSupportSpeed,jdbcType=CHAR}, #{hasSupportVehicleFlow,jdbcType=CHAR}, 
      #{historyMaxVehicleNum,jdbcType=VARCHAR}, #{historyMaxFlowTime,jdbcType=TIMESTAMP}, 
      #{regionalDesignCapacity,jdbcType=VARCHAR}, #{limitLarge,jdbcType=DECIMAL}, #{limitSmall,jdbcType=DECIMAL}, 
      #{limitOthers,jdbcType=DECIMAL}, #{limitLower,jdbcType=DECIMAL}, #{limitLargeMargin,jdbcType=DECIMAL}, 
      #{limitSmallMargin,jdbcType=DECIMAL}, #{relatedVariableSpeed,jdbcType=VARCHAR}, 
      #{enableFlag,jdbcType=CHAR}, #{createBy,jdbcType=VARCHAR}, #{createTime,jdbcType=TIMESTAMP}, 
      #{updateBy,jdbcType=VARCHAR}, #{remark,jdbcType=VARCHAR})
  </insert>
  <insert id="insertSelective" parameterType="cy.its.sysCfg.mybatis.model.Region" >
    insert into T_SYS_REGION
    <trim prefix="(" suffix=")" suffixOverrides="," >
      <if test="regionalId != null" >
        REGIONAL_ID,
      </if>
      <if test="regionalCode != null" >
        REGIONAL_CODE,
      </if>
      <if test="regionalName != null" >
        REGIONAL_NAME,
      </if>
      <if test="districtCode != null" >
        DISTRICT_CODE,
      </if>
      <if test="orgId != null" >
        ORG_ID,
      </if>
      <if test="roadId != null" >
        ROAD_ID,
      </if>
      <if test="entrySiteId != null" >
        ENTRY_SITE_ID,
      </if>
      <if test="exitSiteId != null" >
        EXIT_SITE_ID,
      </if>
      <if test="distance != null" >
        DISTANCE,
      </if>
      <if test="travelTimeRange != null" >
        TRAVEL_TIME_RANGE,
      </if>
      <if test="directionType != null" >
        DIRECTION_TYPE,
      </if>
      <if test="directionName != null" >
        DIRECTION_NAME,
      </if>
      <if test="laneNum != null" >
        LANE_NUM,
      </if>
      <if test="hasSupportSpeed != null" >
        HAS_SUPPORT_SPEED,
      </if>
      <if test="hasSupportVehicleFlow != null" >
        HAS_SUPPORT_VEHICLE_FLOW,
      </if>
      <if test="historyMaxVehicleNum != null" >
        HISTORY_MAX_VEHICLE_NUM,
      </if>
      <if test="historyMaxFlowTime != null" >
        HISTORY_MAX_FLOW_TIME,
      </if>
      <if test="regionalDesignCapacity != null" >
        REGIONAL_DESIGN_CAPACITY,
      </if>
      <if test="limitLarge != null" >
        LIMIT_LARGE,
      </if>
      <if test="limitSmall != null" >
        LIMIT_SMALL,
      </if>
      <if test="limitOthers != null" >
        LIMIT_OTHERS,
      </if>
      <if test="limitLower != null" >
        LIMIT_LOWER,
      </if>
      <if test="limitLargeMargin != null" >
        LIMIT_LARGE_MARGIN,
      </if>
      <if test="limitSmallMargin != null" >
        LIMIT_SMALL_MARGIN,
      </if>
      <if test="relatedVariableSpeed != null" >
        RELATED_VARIABLE_SPEED,
      </if>
      <if test="enableFlag != null" >
        ENABLE_FLAG,
      </if>
      <if test="createBy != null" >
        CREATE_BY,
      </if>
      <if test="createTime != null" >
        CREATE_TIME,
      </if>
      <if test="updateBy != null" >
        UPDATE_BY,
      </if>
      <if test="remark != null" >
        REMARK,
      </if>
    </trim>
    <trim prefix="values (" suffix=")" suffixOverrides="," >
      <if test="regionalId != null" >
        #{regionalId,jdbcType=VARCHAR},
      </if>
      <if test="regionalCode != null" >
        #{regionalCode,jdbcType=VARCHAR},
      </if>
      <if test="regionalName != null" >
        #{regionalName,jdbcType=VARCHAR},
      </if>
      <if test="districtCode != null" >
        #{districtCode,jdbcType=VARCHAR},
      </if>
      <if test="orgId != null" >
        #{orgId,jdbcType=VARCHAR},
      </if>
      <if test="roadId != null" >
        #{roadId,jdbcType=VARCHAR},
      </if>
      <if test="entrySiteId != null" >
        #{entrySiteId,jdbcType=VARCHAR},
      </if>
      <if test="exitSiteId != null" >
        #{exitSiteId,jdbcType=VARCHAR},
      </if>
      <if test="distance != null" >
        #{distance,jdbcType=DECIMAL},
      </if>
      <if test="travelTimeRange != null" >
        #{travelTimeRange,jdbcType=VARCHAR},
      </if>
      <if test="directionType != null" >
        #{directionType,jdbcType=CHAR},
      </if>
      <if test="directionName != null" >
        #{directionName,jdbcType=VARCHAR},
      </if>
      <if test="laneNum != null" >
        #{laneNum,jdbcType=VARCHAR},
      </if>
      <if test="hasSupportSpeed != null" >
        #{hasSupportSpeed,jdbcType=CHAR},
      </if>
      <if test="hasSupportVehicleFlow != null" >
        #{hasSupportVehicleFlow,jdbcType=CHAR},
      </if>
      <if test="historyMaxVehicleNum != null" >
        #{historyMaxVehicleNum,jdbcType=VARCHAR},
      </if>
      <if test="historyMaxFlowTime != null" >
        #{historyMaxFlowTime,jdbcType=TIMESTAMP},
      </if>
      <if test="regionalDesignCapacity != null" >
        #{regionalDesignCapacity,jdbcType=VARCHAR},
      </if>
      <if test="limitLarge != null" >
        #{limitLarge,jdbcType=DECIMAL},
      </if>
      <if test="limitSmall != null" >
        #{limitSmall,jdbcType=DECIMAL},
      </if>
      <if test="limitOthers != null" >
        #{limitOthers,jdbcType=DECIMAL},
      </if>
      <if test="limitLower != null" >
        #{limitLower,jdbcType=DECIMAL},
      </if>
      <if test="limitLargeMargin != null" >
        #{limitLargeMargin,jdbcType=DECIMAL},
      </if>
      <if test="limitSmallMargin != null" >
        #{limitSmallMargin,jdbcType=DECIMAL},
      </if>
      <if test="relatedVariableSpeed != null" >
        #{relatedVariableSpeed,jdbcType=VARCHAR},
      </if>
      <if test="enableFlag != null" >
        #{enableFlag,jdbcType=CHAR},
      </if>
      <if test="createBy != null" >
        #{createBy,jdbcType=VARCHAR},
      </if>
      <if test="createTime != null" >
        #{createTime,jdbcType=TIMESTAMP},
      </if>
      <if test="updateBy != null" >
        #{updateBy,jdbcType=VARCHAR},
      </if>
      <if test="remark != null" >
        #{remark,jdbcType=VARCHAR},
      </if>
    </trim>
  </insert>
  <update id="updateByPrimaryKeySelective" parameterType="cy.its.sysCfg.mybatis.model.Region" >
    update T_SYS_REGION
    <set >
      <if test="regionalCode != null" >
        REGIONAL_CODE = #{regionalCode,jdbcType=VARCHAR},
      </if>
      <if test="regionalName != null" >
        REGIONAL_NAME = #{regionalName,jdbcType=VARCHAR},
      </if>
      <if test="districtCode != null" >
        DISTRICT_CODE = #{districtCode,jdbcType=VARCHAR},
      </if>
      <if test="orgId != null" >
        ORG_ID = #{orgId,jdbcType=VARCHAR},
      </if>
      <if test="roadId != null" >
        ROAD_ID = #{roadId,jdbcType=VARCHAR},
      </if>
      <if test="entrySiteId != null" >
        ENTRY_SITE_ID = #{entrySiteId,jdbcType=VARCHAR},
      </if>
      <if test="exitSiteId != null" >
        EXIT_SITE_ID = #{exitSiteId,jdbcType=VARCHAR},
      </if>
      <if test="distance != null" >
        DISTANCE = #{distance,jdbcType=DECIMAL},
      </if>
      <if test="travelTimeRange != null" >
        TRAVEL_TIME_RANGE = #{travelTimeRange,jdbcType=VARCHAR},
      </if>
      <if test="directionType != null" >
        DIRECTION_TYPE = #{directionType,jdbcType=CHAR},
      </if>
      <if test="directionName != null" >
        DIRECTION_NAME = #{directionName,jdbcType=VARCHAR},
      </if>
      <if test="laneNum != null" >
        LANE_NUM = #{laneNum,jdbcType=VARCHAR},
      </if>
      <if test="hasSupportSpeed != null" >
        HAS_SUPPORT_SPEED = #{hasSupportSpeed,jdbcType=CHAR},
      </if>
      <if test="hasSupportVehicleFlow != null" >
        HAS_SUPPORT_VEHICLE_FLOW = #{hasSupportVehicleFlow,jdbcType=CHAR},
      </if>
      <if test="historyMaxVehicleNum != null" >
        HISTORY_MAX_VEHICLE_NUM = #{historyMaxVehicleNum,jdbcType=VARCHAR},
      </if>
      <if test="historyMaxFlowTime != null" >
        HISTORY_MAX_FLOW_TIME = #{historyMaxFlowTime,jdbcType=TIMESTAMP},
      </if>
      <if test="regionalDesignCapacity != null" >
        REGIONAL_DESIGN_CAPACITY = #{regionalDesignCapacity,jdbcType=VARCHAR},
      </if>
      <if test="limitLarge != null" >
        LIMIT_LARGE = #{limitLarge,jdbcType=DECIMAL},
      </if>
      <if test="limitSmall != null" >
        LIMIT_SMALL = #{limitSmall,jdbcType=DECIMAL},
      </if>
      <if test="limitOthers != null" >
        LIMIT_OTHERS = #{limitOthers,jdbcType=DECIMAL},
      </if>
      <if test="limitLower != null" >
        LIMIT_LOWER = #{limitLower,jdbcType=DECIMAL},
      </if>
      <if test="limitLargeMargin != null" >
        LIMIT_LARGE_MARGIN = #{limitLargeMargin,jdbcType=DECIMAL},
      </if>
      <if test="limitSmallMargin != null" >
        LIMIT_SMALL_MARGIN = #{limitSmallMargin,jdbcType=DECIMAL},
      </if>
      <if test="relatedVariableSpeed != null" >
        RELATED_VARIABLE_SPEED = #{relatedVariableSpeed,jdbcType=VARCHAR},
      </if>
      <if test="enableFlag != null" >
        ENABLE_FLAG = #{enableFlag,jdbcType=CHAR},
      </if>
      <if test="createBy != null" >
        CREATE_BY = #{createBy,jdbcType=VARCHAR},
      </if>
      <if test="createTime != null" >
        CREATE_TIME = #{createTime,jdbcType=TIMESTAMP},
      </if>
      <if test="updateBy != null" >
        UPDATE_BY = #{updateBy,jdbcType=VARCHAR},
      </if>
      <if test="remark != null" >
        REMARK = #{remark,jdbcType=VARCHAR},
      </if>
    </set>
    where REGIONAL_ID = #{regionalId,jdbcType=VARCHAR}
  </update>
  <update id="updateByPrimaryKey" parameterType="cy.its.sysCfg.mybatis.model.Region" >
    update T_SYS_REGION
    set REGIONAL_CODE = #{regionalCode,jdbcType=VARCHAR},
      REGIONAL_NAME = #{regionalName,jdbcType=VARCHAR},
      DISTRICT_CODE = #{districtCode,jdbcType=VARCHAR},
      ORG_ID = #{orgId,jdbcType=VARCHAR},
      ROAD_ID = #{roadId,jdbcType=VARCHAR},
      ENTRY_SITE_ID = #{entrySiteId,jdbcType=VARCHAR},
      EXIT_SITE_ID = #{exitSiteId,jdbcType=VARCHAR},
      DISTANCE = #{distance,jdbcType=DECIMAL},
      TRAVEL_TIME_RANGE = #{travelTimeRange,jdbcType=VARCHAR},
      DIRECTION_TYPE = #{directionType,jdbcType=CHAR},
      DIRECTION_NAME = #{directionName,jdbcType=VARCHAR},
      LANE_NUM = #{laneNum,jdbcType=VARCHAR},
      HAS_SUPPORT_SPEED = #{hasSupportSpeed,jdbcType=CHAR},
      HAS_SUPPORT_VEHICLE_FLOW = #{hasSupportVehicleFlow,jdbcType=CHAR},
      HISTORY_MAX_VEHICLE_NUM = #{historyMaxVehicleNum,jdbcType=VARCHAR},
      HISTORY_MAX_FLOW_TIME = #{historyMaxFlowTime,jdbcType=TIMESTAMP},
      REGIONAL_DESIGN_CAPACITY = #{regionalDesignCapacity,jdbcType=VARCHAR},
      LIMIT_LARGE = #{limitLarge,jdbcType=DECIMAL},
      LIMIT_SMALL = #{limitSmall,jdbcType=DECIMAL},
      LIMIT_OTHERS = #{limitOthers,jdbcType=DECIMAL},
      LIMIT_LOWER = #{limitLower,jdbcType=DECIMAL},
      LIMIT_LARGE_MARGIN = #{limitLargeMargin,jdbcType=DECIMAL},
      LIMIT_SMALL_MARGIN = #{limitSmallMargin,jdbcType=DECIMAL},
      RELATED_VARIABLE_SPEED = #{relatedVariableSpeed,jdbcType=VARCHAR},
      ENABLE_FLAG = #{enableFlag,jdbcType=CHAR},
      CREATE_BY = #{createBy,jdbcType=VARCHAR},
      CREATE_TIME = #{createTime,jdbcType=TIMESTAMP},
      UPDATE_BY = #{updateBy,jdbcType=VARCHAR},
      REMARK = #{remark,jdbcType=VARCHAR}
    where REGIONAL_ID = #{regionalId,jdbcType=VARCHAR}
  </update>
</mapper>