<?xml version="1.0" encoding="UTF-8" ?>
<!DOCTYPE mapper PUBLIC "-//mybatis.org//DTD Mapper 3.0//EN" "http://mybatis.org/dtd/mybatis-3-mapper.dtd" >
<mapper namespace="cy.its.sysCfg.mybatis.client.RoadSectionMapper" >
  <resultMap id="BaseResultMap" type="cy.its.sysCfg.mybatis.model.RoadSection" >
    <id column="ROAD_SECTION_ID" property="roadSectionId" jdbcType="VARCHAR" />
    <result column="ROAD_ID" property="roadId" jdbcType="VARCHAR" />
    <result column="ROAD_SECTION_CODE" property="roadSectionCode" jdbcType="VARCHAR" />
    <result column="DISTRICT_CODE" property="districtCode" jdbcType="VARCHAR" />
    <result column="ORG_ID" property="orgId" jdbcType="VARCHAR" />
    <result column="ROAD_SECTION_NAME" property="roadSectionName" jdbcType="VARCHAR" />
    <result column="ROAD_SECTION_TYPE" property="roadSectionType" jdbcType="VARCHAR" />
    <result column="IS_ONE_DIRECTION" property="isOneDirection" jdbcType="CHAR" />
    <result column="UP_DIRECTION" property="upDirection" jdbcType="VARCHAR" />
    <result column="DOWN_DIRECTION" property="downDirection" jdbcType="VARCHAR" />
    <result column="ROAD_STRUCTURE" property="roadStructure" jdbcType="VARCHAR" />
    <result column="ROAD_LINEAR" property="roadLinear" jdbcType="VARCHAR" />
    <result column="ROAD_LANDSCAPE" property="roadLandscape" jdbcType="VARCHAR" />
    <result column="CENTRAL_ISOLATION" property="centralIsolation" jdbcType="VARCHAR" />
    <result column="ROAD_ISOLATION" property="roadIsolation" jdbcType="VARCHAR" />
    <result column="PROTECT_FACILITIES" property="protectFacilities" jdbcType="VARCHAR" />
    <result column="BEGIN_METER" property="beginMeter" jdbcType="DECIMAL" />
    <result column="END_METER" property="endMeter" jdbcType="DECIMAL" />
    <result column="UPDATE_TIME" property="updateTime" jdbcType="TIMESTAMP" />
  </resultMap>
  <sql id="Base_Column_List" >
    ROAD_SECTION_ID, ROAD_ID, ROAD_SECTION_CODE, DISTRICT_CODE, ORG_ID, ROAD_SECTION_NAME, 
    ROAD_SECTION_TYPE, IS_ONE_DIRECTION, UP_DIRECTION, DOWN_DIRECTION, ROAD_STRUCTURE, 
    ROAD_LINEAR, ROAD_LANDSCAPE, CENTRAL_ISOLATION, ROAD_ISOLATION, PROTECT_FACILITIES, 
    BEGIN_METER, END_METER, UPDATE_TIME
  </sql>
  <select id="selectByPrimaryKey" resultMap="BaseResultMap" parameterType="java.lang.String" >
    select 
    <include refid="Base_Column_List" />
    from T_SYS_ROAD_SECTION
    where ROAD_SECTION_ID = #{roadSectionId,jdbcType=VARCHAR}
  </select>
  <delete id="deleteByPrimaryKey" parameterType="java.lang.String" >
    delete from T_SYS_ROAD_SECTION
    where ROAD_SECTION_ID = #{roadSectionId,jdbcType=VARCHAR}
  </delete>
  <insert id="insert" parameterType="cy.its.sysCfg.mybatis.model.RoadSection" >
    insert into T_SYS_ROAD_SECTION (ROAD_SECTION_ID, ROAD_ID, ROAD_SECTION_CODE, 
      DISTRICT_CODE, ORG_ID, ROAD_SECTION_NAME, 
      ROAD_SECTION_TYPE, IS_ONE_DIRECTION, UP_DIRECTION, 
      DOWN_DIRECTION, ROAD_STRUCTURE, ROAD_LINEAR, 
      ROAD_LANDSCAPE, CENTRAL_ISOLATION, ROAD_ISOLATION, 
      PROTECT_FACILITIES, BEGIN_METER, END_METER, 
      UPDATE_TIME)
    values (#{roadSectionId,jdbcType=VARCHAR}, #{roadId,jdbcType=VARCHAR}, #{roadSectionCode,jdbcType=VARCHAR}, 
      #{districtCode,jdbcType=VARCHAR}, #{orgId,jdbcType=VARCHAR}, #{roadSectionName,jdbcType=VARCHAR}, 
      #{roadSectionType,jdbcType=VARCHAR}, #{isOneDirection,jdbcType=CHAR}, #{upDirection,jdbcType=VARCHAR}, 
      #{downDirection,jdbcType=VARCHAR}, #{roadStructure,jdbcType=VARCHAR}, #{roadLinear,jdbcType=VARCHAR}, 
      #{roadLandscape,jdbcType=VARCHAR}, #{centralIsolation,jdbcType=VARCHAR}, #{roadIsolation,jdbcType=VARCHAR}, 
      #{protectFacilities,jdbcType=VARCHAR}, #{beginMeter,jdbcType=DECIMAL}, #{endMeter,jdbcType=DECIMAL}, 
      #{updateTime,jdbcType=TIMESTAMP})
  </insert>
  <insert id="insertSelective" parameterType="cy.its.sysCfg.mybatis.model.RoadSection" >
    insert into T_SYS_ROAD_SECTION
    <trim prefix="(" suffix=")" suffixOverrides="," >
      <if test="roadSectionId != null" >
        ROAD_SECTION_ID,
      </if>
      <if test="roadId != null" >
        ROAD_ID,
      </if>
      <if test="roadSectionCode != null" >
        ROAD_SECTION_CODE,
      </if>
      <if test="districtCode != null" >
        DISTRICT_CODE,
      </if>
      <if test="orgId != null" >
        ORG_ID,
      </if>
      <if test="roadSectionName != null" >
        ROAD_SECTION_NAME,
      </if>
      <if test="roadSectionType != null" >
        ROAD_SECTION_TYPE,
      </if>
      <if test="isOneDirection != null" >
        IS_ONE_DIRECTION,
      </if>
      <if test="upDirection != null" >
        UP_DIRECTION,
      </if>
      <if test="downDirection != null" >
        DOWN_DIRECTION,
      </if>
      <if test="roadStructure != null" >
        ROAD_STRUCTURE,
      </if>
      <if test="roadLinear != null" >
        ROAD_LINEAR,
      </if>
      <if test="roadLandscape != null" >
        ROAD_LANDSCAPE,
      </if>
      <if test="centralIsolation != null" >
        CENTRAL_ISOLATION,
      </if>
      <if test="roadIsolation != null" >
        ROAD_ISOLATION,
      </if>
      <if test="protectFacilities != null" >
        PROTECT_FACILITIES,
      </if>
      <if test="beginMeter != null" >
        BEGIN_METER,
      </if>
      <if test="endMeter != null" >
        END_METER,
      </if>
      <if test="updateTime != null" >
        UPDATE_TIME,
      </if>
    </trim>
    <trim prefix="values (" suffix=")" suffixOverrides="," >
      <if test="roadSectionId != null" >
        #{roadSectionId,jdbcType=VARCHAR},
      </if>
      <if test="roadId != null" >
        #{roadId,jdbcType=VARCHAR},
      </if>
      <if test="roadSectionCode != null" >
        #{roadSectionCode,jdbcType=VARCHAR},
      </if>
      <if test="districtCode != null" >
        #{districtCode,jdbcType=VARCHAR},
      </if>
      <if test="orgId != null" >
        #{orgId,jdbcType=VARCHAR},
      </if>
      <if test="roadSectionName != null" >
        #{roadSectionName,jdbcType=VARCHAR},
      </if>
      <if test="roadSectionType != null" >
        #{roadSectionType,jdbcType=VARCHAR},
      </if>
      <if test="isOneDirection != null" >
        #{isOneDirection,jdbcType=CHAR},
      </if>
      <if test="upDirection != null" >
        #{upDirection,jdbcType=VARCHAR},
      </if>
      <if test="downDirection != null" >
        #{downDirection,jdbcType=VARCHAR},
      </if>
      <if test="roadStructure != null" >
        #{roadStructure,jdbcType=VARCHAR},
      </if>
      <if test="roadLinear != null" >
        #{roadLinear,jdbcType=VARCHAR},
      </if>
      <if test="roadLandscape != null" >
        #{roadLandscape,jdbcType=VARCHAR},
      </if>
      <if test="centralIsolation != null" >
        #{centralIsolation,jdbcType=VARCHAR},
      </if>
      <if test="roadIsolation != null" >
        #{roadIsolation,jdbcType=VARCHAR},
      </if>
      <if test="protectFacilities != null" >
        #{protectFacilities,jdbcType=VARCHAR},
      </if>
      <if test="beginMeter != null" >
        #{beginMeter,jdbcType=DECIMAL},
      </if>
      <if test="endMeter != null" >
        #{endMeter,jdbcType=DECIMAL},
      </if>
      <if test="updateTime != null" >
        #{updateTime,jdbcType=TIMESTAMP},
      </if>
    </trim>
  </insert>
  <update id="updateByPrimaryKeySelective" parameterType="cy.its.sysCfg.mybatis.model.RoadSection" >
    update T_SYS_ROAD_SECTION
    <set >
      <if test="roadId != null" >
        ROAD_ID = #{roadId,jdbcType=VARCHAR},
      </if>
      <if test="roadSectionCode != null" >
        ROAD_SECTION_CODE = #{roadSectionCode,jdbcType=VARCHAR},
      </if>
      <if test="districtCode != null" >
        DISTRICT_CODE = #{districtCode,jdbcType=VARCHAR},
      </if>
      <if test="orgId != null" >
        ORG_ID = #{orgId,jdbcType=VARCHAR},
      </if>
      <if test="roadSectionName != null" >
        ROAD_SECTION_NAME = #{roadSectionName,jdbcType=VARCHAR},
      </if>
      <if test="roadSectionType != null" >
        ROAD_SECTION_TYPE = #{roadSectionType,jdbcType=VARCHAR},
      </if>
      <if test="isOneDirection != null" >
        IS_ONE_DIRECTION = #{isOneDirection,jdbcType=CHAR},
      </if>
      <if test="upDirection != null" >
        UP_DIRECTION = #{upDirection,jdbcType=VARCHAR},
      </if>
      <if test="downDirection != null" >
        DOWN_DIRECTION = #{downDirection,jdbcType=VARCHAR},
      </if>
      <if test="roadStructure != null" >
        ROAD_STRUCTURE = #{roadStructure,jdbcType=VARCHAR},
      </if>
      <if test="roadLinear != null" >
        ROAD_LINEAR = #{roadLinear,jdbcType=VARCHAR},
      </if>
      <if test="roadLandscape != null" >
        ROAD_LANDSCAPE = #{roadLandscape,jdbcType=VARCHAR},
      </if>
      <if test="centralIsolation != null" >
        CENTRAL_ISOLATION = #{centralIsolation,jdbcType=VARCHAR},
      </if>
      <if test="roadIsolation != null" >
        ROAD_ISOLATION = #{roadIsolation,jdbcType=VARCHAR},
      </if>
      <if test="protectFacilities != null" >
        PROTECT_FACILITIES = #{protectFacilities,jdbcType=VARCHAR},
      </if>
      <if test="beginMeter != null" >
        BEGIN_METER = #{beginMeter,jdbcType=DECIMAL},
      </if>
      <if test="endMeter != null" >
        END_METER = #{endMeter,jdbcType=DECIMAL},
      </if>
      <if test="updateTime != null" >
        UPDATE_TIME = #{updateTime,jdbcType=TIMESTAMP},
      </if>
    </set>
    where ROAD_SECTION_ID = #{roadSectionId,jdbcType=VARCHAR}
  </update>
  <update id="updateByPrimaryKey" parameterType="cy.its.sysCfg.mybatis.model.RoadSection" >
    update T_SYS_ROAD_SECTION
    set ROAD_ID = #{roadId,jdbcType=VARCHAR},
      ROAD_SECTION_CODE = #{roadSectionCode,jdbcType=VARCHAR},
      DISTRICT_CODE = #{districtCode,jdbcType=VARCHAR},
      ORG_ID = #{orgId,jdbcType=VARCHAR},
      ROAD_SECTION_NAME = #{roadSectionName,jdbcType=VARCHAR},
      ROAD_SECTION_TYPE = #{roadSectionType,jdbcType=VARCHAR},
      IS_ONE_DIRECTION = #{isOneDirection,jdbcType=CHAR},
      UP_DIRECTION = #{upDirection,jdbcType=VARCHAR},
      DOWN_DIRECTION = #{downDirection,jdbcType=VARCHAR},
      ROAD_STRUCTURE = #{roadStructure,jdbcType=VARCHAR},
      ROAD_LINEAR = #{roadLinear,jdbcType=VARCHAR},
      ROAD_LANDSCAPE = #{roadLandscape,jdbcType=VARCHAR},
      CENTRAL_ISOLATION = #{centralIsolation,jdbcType=VARCHAR},
      ROAD_ISOLATION = #{roadIsolation,jdbcType=VARCHAR},
      PROTECT_FACILITIES = #{protectFacilities,jdbcType=VARCHAR},
      BEGIN_METER = #{beginMeter,jdbcType=DECIMAL},
      END_METER = #{endMeter,jdbcType=DECIMAL},
      UPDATE_TIME = #{updateTime,jdbcType=TIMESTAMP}
    where ROAD_SECTION_ID = #{roadSectionId,jdbcType=VARCHAR}
  </update>
</mapper>