<?xml version="1.0" encoding="UTF-8" ?>
<!DOCTYPE mapper PUBLIC "-//mybatis.org//DTD Mapper 3.0//EN" "http://mybatis.org/dtd/mybatis-3-mapper.dtd" >
<mapper namespace="cy.its.sysCfg.mybatis.client.RoadInterflowMapper" >
  <resultMap id="BaseResultMap" type="cy.its.sysCfg.mybatis.model.RoadInterflow" >
    <result column="ROAD_ID" property="roadId" jdbcType="VARCHAR" />
    <result column="INTERFLOW_ID" property="interflowId" jdbcType="VARCHAR" />
  </resultMap>
  <insert id="insert" parameterType="cy.its.sysCfg.mybatis.model.RoadInterflow" >
    insert into T_SYS_ROAD_INTERFLOW (ROAD_ID, INTERFLOW_ID)
    values (#{roadId,jdbcType=VARCHAR}, #{interflowId,jdbcType=VARCHAR})
  </insert>
  <insert id="insertSelective" parameterType="cy.its.sysCfg.mybatis.model.RoadInterflow" >
    insert into T_SYS_ROAD_INTERFLOW
    <trim prefix="(" suffix=")" suffixOverrides="," >
      <if test="roadId != null" >
        ROAD_ID,
      </if>
      <if test="interflowId != null" >
        INTERFLOW_ID,
      </if>
    </trim>
    <trim prefix="values (" suffix=")" suffixOverrides="," >
      <if test="roadId != null" >
        #{roadId,jdbcType=VARCHAR},
      </if>
      <if test="interflowId != null" >
        #{interflowId,jdbcType=VARCHAR},
      </if>
    </trim>
  </insert>
</mapper>