<?xml version="1.0" encoding="UTF-8" ?>
<!DOCTYPE mapper PUBLIC "-//mybatis.org//DTD Mapper 3.0//EN" "http://mybatis.org/dtd/mybatis-3-mapper.dtd" >
<mapper namespace="cy.its.sysCfg.mybatis.client.RoadCrossMapper" >
  <resultMap id="BaseResultMap" type="cy.its.sysCfg.mybatis.model.RoadCross" >
    <id column="ROAD_ID" property="roadId" jdbcType="VARCHAR" />
    <result column="CROSS_ID" property="crossId" jdbcType="VARCHAR" />
    <result column="CROSS_NBR" property="crossNbr" jdbcType="VARCHAR" />
  </resultMap>
  <sql id="Base_Column_List" >
    ROAD_ID, CROSS_ID, CROSS_NBR
  </sql>
  <select id="selectByPrimaryKey" resultMap="BaseResultMap" parameterType="java.lang.String" >
    select 
    <include refid="Base_Column_List" />
    from T_SYS_ROAD_CROSS
    where ROAD_ID = #{roadId,jdbcType=VARCHAR}
  </select>
  <delete id="deleteByPrimaryKey" parameterType="java.lang.String" >
    delete from T_SYS_ROAD_CROSS
    where ROAD_ID = #{roadId,jdbcType=VARCHAR}
  </delete>
  <insert id="insert" parameterType="cy.its.sysCfg.mybatis.model.RoadCross" >
    insert into T_SYS_ROAD_CROSS (ROAD_ID, CROSS_ID, CROSS_NBR
      )
    values (#{roadId,jdbcType=VARCHAR}, #{crossId,jdbcType=VARCHAR}, #{crossNbr,jdbcType=VARCHAR}
      )
  </insert>
  <insert id="insertSelective" parameterType="cy.its.sysCfg.mybatis.model.RoadCross" >
    insert into T_SYS_ROAD_CROSS
    <trim prefix="(" suffix=")" suffixOverrides="," >
      <if test="roadId != null" >
        ROAD_ID,
      </if>
      <if test="crossId != null" >
        CROSS_ID,
      </if>
      <if test="crossNbr != null" >
        CROSS_NBR,
      </if>
    </trim>
    <trim prefix="values (" suffix=")" suffixOverrides="," >
      <if test="roadId != null" >
        #{roadId,jdbcType=VARCHAR},
      </if>
      <if test="crossId != null" >
        #{crossId,jdbcType=VARCHAR},
      </if>
      <if test="crossNbr != null" >
        #{crossNbr,jdbcType=VARCHAR},
      </if>
    </trim>
  </insert>
  <update id="updateByPrimaryKeySelective" parameterType="cy.its.sysCfg.mybatis.model.RoadCross" >
    update T_SYS_ROAD_CROSS
    <set >
      <if test="crossId != null" >
        CROSS_ID = #{crossId,jdbcType=VARCHAR},
      </if>
      <if test="crossNbr != null" >
        CROSS_NBR = #{crossNbr,jdbcType=VARCHAR},
      </if>
    </set>
    where ROAD_ID = #{roadId,jdbcType=VARCHAR}
  </update>
  <update id="updateByPrimaryKey" parameterType="cy.its.sysCfg.mybatis.model.RoadCross" >
    update T_SYS_ROAD_CROSS
    set CROSS_ID = #{crossId,jdbcType=VARCHAR},
      CROSS_NBR = #{crossNbr,jdbcType=VARCHAR}
    where ROAD_ID = #{roadId,jdbcType=VARCHAR}
  </update>
</mapper>