<?xml version="1.0" encoding="UTF-8" ?>
<!DOCTYPE mapper PUBLIC "-//mybatis.org//DTD Mapper 3.0//EN" "http://mybatis.org/dtd/mybatis-3-mapper.dtd" >
<mapper namespace="cy.its.sysCfg.mybatis.client.ServiceMapper" >
  <resultMap id="BaseResultMap" type="cy.its.sysCfg.mybatis.model.Service" >
    <id column="SERVICE_ID" property="serviceId" jdbcType="VARCHAR" />
    <result column="SERVICE_NAME" property="serviceName" jdbcType="VARCHAR" />
    <result column="SERVICE_URL" property="serviceUrl" jdbcType="VARCHAR" />
    <result column="DEVELOPER" property="developer" jdbcType="VARCHAR" />
    <result column="COMPLETE_TIME" property="completeTime" jdbcType="TIMESTAMP" />
  </resultMap>
  <sql id="Base_Column_List" >
    SERVICE_ID, SERVICE_NAME, SERVICE_URL, DEVELOPER, COMPLETE_TIME
  </sql>
  <select id="selectByPrimaryKey" resultMap="BaseResultMap" parameterType="java.lang.String" >
    select 
    <include refid="Base_Column_List" />
    from T_SYS_SERVICE
    where SERVICE_ID = #{serviceId,jdbcType=VARCHAR}
  </select>
  <delete id="deleteByPrimaryKey" parameterType="java.lang.String" >
    delete from T_SYS_SERVICE
    where SERVICE_ID = #{serviceId,jdbcType=VARCHAR}
  </delete>
  <insert id="insert" parameterType="cy.its.sysCfg.mybatis.model.Service" >
    insert into T_SYS_SERVICE (SERVICE_ID, SERVICE_NAME, SERVICE_URL, 
      DEVELOPER, COMPLETE_TIME)
    values (#{serviceId,jdbcType=VARCHAR}, #{serviceName,jdbcType=VARCHAR}, #{serviceUrl,jdbcType=VARCHAR}, 
      #{developer,jdbcType=VARCHAR}, #{completeTime,jdbcType=TIMESTAMP})
  </insert>
  <insert id="insertSelective" parameterType="cy.its.sysCfg.mybatis.model.Service" >
    insert into T_SYS_SERVICE
    <trim prefix="(" suffix=")" suffixOverrides="," >
      <if test="serviceId != null" >
        SERVICE_ID,
      </if>
      <if test="serviceName != null" >
        SERVICE_NAME,
      </if>
      <if test="serviceUrl != null" >
        SERVICE_URL,
      </if>
      <if test="developer != null" >
        DEVELOPER,
      </if>
      <if test="completeTime != null" >
        COMPLETE_TIME,
      </if>
    </trim>
    <trim prefix="values (" suffix=")" suffixOverrides="," >
      <if test="serviceId != null" >
        #{serviceId,jdbcType=VARCHAR},
      </if>
      <if test="serviceName != null" >
        #{serviceName,jdbcType=VARCHAR},
      </if>
      <if test="serviceUrl != null" >
        #{serviceUrl,jdbcType=VARCHAR},
      </if>
      <if test="developer != null" >
        #{developer,jdbcType=VARCHAR},
      </if>
      <if test="completeTime != null" >
        #{completeTime,jdbcType=TIMESTAMP},
      </if>
    </trim>
  </insert>
  <update id="updateByPrimaryKeySelective" parameterType="cy.its.sysCfg.mybatis.model.Service" >
    update T_SYS_SERVICE
    <set >
      <if test="serviceName != null" >
        SERVICE_NAME = #{serviceName,jdbcType=VARCHAR},
      </if>
      <if test="serviceUrl != null" >
        SERVICE_URL = #{serviceUrl,jdbcType=VARCHAR},
      </if>
      <if test="developer != null" >
        DEVELOPER = #{developer,jdbcType=VARCHAR},
      </if>
      <if test="completeTime != null" >
        COMPLETE_TIME = #{completeTime,jdbcType=TIMESTAMP},
      </if>
    </set>
    where SERVICE_ID = #{serviceId,jdbcType=VARCHAR}
  </update>
  <update id="updateByPrimaryKey" parameterType="cy.its.sysCfg.mybatis.model.Service" >
    update T_SYS_SERVICE
    set SERVICE_NAME = #{serviceName,jdbcType=VARCHAR},
      SERVICE_URL = #{serviceUrl,jdbcType=VARCHAR},
      DEVELOPER = #{developer,jdbcType=VARCHAR},
      COMPLETE_TIME = #{completeTime,jdbcType=TIMESTAMP}
    where SERVICE_ID = #{serviceId,jdbcType=VARCHAR}
  </update>
</mapper>